term	version	first_witness	source	notation	type	arity	domain	codomain	semantic_role	relation_to_prev	aspect	status
Sigma	Σ_v1	2026-08-27T15:20	step-009 §8	𝔹 = {00,10,01,11}	value domain (2x2 bit lattice)	—	P supported x ¬P supported	4 values: Unknown/Supported-true-side/Supported-false-side/Conflicted	epistemic status of an assertion	BIRTH	Formal	[EMP] proposed
Sigma	Σ_v2	2026-08-27T15:20	step-009 §10	Σ_A = (Acquisition, Support, Uncertainty, Validity)	4-tuple	4	assertion A	four named dimensions	epistemic status of an assertion	VARIANT of Σ_v1 — SAME DOCUMENT, different type; NOT merged	Formal	[EMP] proposed
Sigma	Σ_v3	2026-08-27T16:25	step-023 §9	Status(r_i) ∈ {Satisfied,Unsatisfied,Unknown,Conflicted,NotApplicable}	value domain	—	requirement r_i	5 values	status of a REQUIREMENT not an assertion	UNRELATED_HOMONYM? ranges over requirements not assertions — UNRESOLVED	Formal	[EMP] proposed
Sigma	Σ_v4	2026-08-27T18:31	step-025d §25D.4	𝒮 = {Satisfied,PartiallySatisfied,Unknown,Insufficient,Conflicted,Stale,Invalid,Prohibited,NotApplicable}	value domain	—	requirement r_i under K_t	9 values	codomain of Sat	EXTENSION of Σ_v3 (5 -> 9, all 5 retained)	Formal	[EMP] proposed
Sigma	Σ_v5	2026-08-27T18:31	step-025d §25D.7	𝒮 ∪ {Missing}	value domain	—	requirement	10 values	Missing distinguished from Unknown	EXTENSION of Σ_v4	Formal	[EMP] proposed
Sigma	Σ_v6	2026-08-28T09:39	step-025k §25K.20	𝓔 = {Unknown,Supported,Refuted,Conflicted,Expired,Retracted}	value domain	—	assertion	6 values	epistemic state space; doc REFUSES to call it a lattice	UNRESOLVED vs Σ_v1 — overlapping values, different cardinality, no citation	Formal	[EMP] proposed
Sigma	Σ_v7	2026-08-28T09:39	step-025k §25K.21	EpistemicState = (SupportStatus,ValidityStatus,ConflictStatus,TemporalStatus)	4-tuple	4	assertion	four named status dimensions	proposed INSTEAD of Σ_v6 in the same section	VARIANT of Σ_v6, same section, author prefers this	Formal	[EMP] proposed
Sigma	Σ_v8	2026-08-28T09:42	step-025o §25O.33	EpistemicStatus = (Support,Conflict,Validity,Freshness,Authority,Uncertainty)	6-tuple	6	assertion A given K	six named dimensions	recommended epistemic status model	EXTENSION of Σ_v7 (+Freshness,+Authority,+Uncertainty; -TemporalStatus renamed?) — SIGNATURE_CHANGE, UNRESOLVED	Formal	[EMP] recommended
Sigma	Σ_v9	2026-08-30T21:59	step-276-final §276.8	Σ = (A,S,R,V,C) Acquisition/Support/Resolution/Validity/Conflict	5-tuple	5	assertion	five named dimensions	canonical structure claimed CLOSED	UNRESOLVED vs Σ_v2 (shares Acquisition/Support/Validity) and vs Σ_v8	Formal	[EMP] claimed CLOSED then withdrawn same file
Sigma	Σ_v10	2026-08-30T22:50	step-272b §272A.12	Σ_0 ≅ {0,1}^2 = P({Support,Refute})	product lattice	—	proposition p	4 values	minimum epistemic status, deletion-test minimal	RE-DERIVATION of Σ_v1 — identical construction/encoding/rows/caveat, no citation	Formal	[EMP] DERIVED (minimality proof)
Sigma	Σ_v11	2026-08-30T23:24	verification/step-280/exec/kosmodel.py	Sigma(a,pp) -> (Direction, Strength)	function -> 2-tuple	2	assertion x policy params	Direction{Neutral,Supporting,Refuting,Contested} x Strength{None..VeryStrong}	the EXECUTED status function	EXTENSION of Σ_v10 by an ordinal Strength that Σ_v10 §272A.15 EXCLUDES BY NAME	Operational	[EMP] executed, undocumented divergence
Sat	Sat_v1	2026-08-27T16:25	step-023 §10	Sat(K, r_i)	function	2	KnowledgeState x Requirement	"degree/status" — AMBIGUOUS: 5-valued (Σ_v3) or numeric (§59)	requirement satisfaction	BIRTH	Formal	[PROPOSED]
Sat	Sat_v2	2026-08-27T16:26	step-025	Sat(K_0,R_i); Sat(K_1,Backup)=True	function	2	KnowledgeState x Requirement	Boolean (as used)	requirement satisfaction in simulation	APPLICATION of Sat_v1	Operational	[EMP]
Sat	Sat_v3	2026-08-27T18:31	step-025d §25D.4	Sat(K_t, r_i)	function	2	KnowledgeState(t) x Requirement	𝒮 (Σ_v4, 9 values)	requirement satisfaction	SIGNATURE_CHANGE (K -> K_t) + TYPE_CHANGE (codomain)	Formal	[EMP]
Sat	Sat_v3b	2026-08-27T18:31	step-025d §25D.5	Sat ≠ Boolean	ruling	—	—	—	refutes the Boolean reading	FALSIFICATION of Sat_v2	Formal	[REFUTED]
Sat	Sat_v4	2026-08-27T18:31	step-025d §25D.12	Satisfied(K, r, EC)	function	3	KnowledgeState x Requirement x EpistemicContract	contract-specific; dispatches to RuleEngine/StatisticalCriterion/HumanAuthorization	contract-relative satisfaction	SIGNATURE_CHANGE (arity 2 -> 3)	Formal	[EMP]
Sat	Sat_v5	2026-08-27T18:35	step-025f §25F.36	Satisfied(K, r)	function	2	KnowledgeState x Requirement	—	same role	SIGNATURE_CHANGE (arity 3 -> 2) four minutes later, unremarked	Formal	[EMP] inconsistent with Sat_v4
Sat	Sat_v6	2026-09-02	math_ideas batch	Sat(K_t, r) "three-valued sat predicate"	function	2	KnowledgeState(t) x Requirement	3 values	requirement satisfaction	SIGNATURE_CHANGE + TYPE_CHANGE; EC argument absent; narrowing of Σ_v4/v5 UNWITNESSED	Formal	[EMP]
Requirements	Req_v1	2026-08-25T22:29	session-1-not-executing-continuously	⋂_{R ∈ Regimes} Requirements(R)	function -> set	1	Regime	set of requirements	requirements under a regime	BIRTH	Formal	[EMP]
Requirements	Req_v2	2026-08-26T18:02	question-11-what-is-the-ideal-state	Requirements(I^K), Requirements(I^U)	function -> set	1	ideal-state layer	set	requirements of an ideal-state layer	DOMAIN_CHANGE	Formal	[EMP]
Requirements	Req_v3	2026-08-27T16:25	step-023 §5	ℛ(P)	set	—	Purpose P	set of information requirements	relevant information requirements for a purpose	DOMAIN_CHANGE (regime/layer -> purpose) + NOTATION_CHANGE (-> calligraphic ℛ)	Formal	[EMP]
Requirements	Req_v4	2026-08-27T16:25	step-023 §8,§49	R(P) = {r_1..r_n}; KnowledgeRequirement 8-field object	set + object	—	Purpose	requirements with Criticality, SatisfactionState	requirement as domain object	EXTENSION	Formal	[EMP]
Requirements	Req_v5	2026-08-27T18:31	step-025d §25D.2	R_G = {r_1..r_n}	set	—	Goal G	set	requirements induced by a goal	DOMAIN_CHANGE (purpose -> goal)	Formal	[EMP]
Requirements	Req_v6	2026-08-27T18:33	step-025e §25E.14	five kinds: Knowledge/Evidence/Validation/Governance/Operational	typed partition	—	—	—	—	SPECIALIZATION	Formal	[EMP]
Requirements	Req_v7	2026-08-30T21:59	step-276-final B §276.1	Requirements(K)	function	1	KnowledgeState	—	chain node O_core -> Requirements(K) -> K_minimal	DOMAIN_CHANGE (goal -> knowledge state); RE-ENTRY after 3-day silence	Formal	[EMP]
Requirements	Req_v8	2026-08-30T22:01	step-277 §277.30	R_mandatory	set	—	—	—	mandatory TRANSITIONS	element TYPE_CHANGE (requirement -> transition)	Formal	[EMP]
Requirements	Req_v9	2026-08-30T22:42	step-272a §272A.16-17	D_mandatory; 19 <distinction, operation> pairs	set of pairs	—	—	—	mandatory CAPABILITIES, operation-indexed	element TYPE_CHANGE (transition -> capability pair)	Formal	[EMP]
Requirements	Req_v10	2026-09-02T18:20	182016	ℛ_req ⊆ 𝒟, 12 elements	set	—	question Q, context Γ	equivalence relations ∼_d	—	element TYPE_CHANGE (capability pair -> equivalence relation); operation index LOST	Formal	[EMP]
EC	EC_v1	2026-08-27T16:25	step-023 §14	(Purpose,Requirements,EvidenceRules,UncertaintyLimits,ConflictRules,TemporalRules,AuthorityRules)	tuple	7	—	—	epistemic contract	BIRTH	Formal	[PROPOSED]
EC	EC_v2	2026-08-27T16:25	step-023 §48	DDD object, 9 fields	object	9	—	—	same role	VARIANT, same document	Conceptual	[EMP]
EC	EC_v3	2026-08-27T18:31	step-025d §25D.3	EC_G = (R_G, Γ_G)	tuple	2	Goal	requirements + sufficiency rules	minimal contract	SIGNATURE_CHANGE (7 -> 2)	Formal	[EMP]
EC	EC_v4	2026-08-27T18:33	step-025e §25E.5	EC = (R, Γ, A, V)	tuple	4	—	—	+ authority, validity	EXTENSION of EC_v3	Formal	[EMP]
EC	EC_v5	2026-08-27T18:33	step-025e §25E.37	(Requirements,Rules,Authority,Scope,Time,Dependencies,Exceptions,Provenance,Version)	tuple	9	—	—	provisional full contract	EXTENSION, same document as EC_v4	Formal	[EMP]
EC	EC_v6	2026-08-27T18:35	step-025f head	EC = (R,Γ,A,S,T,D,X,V)	tuple	8	—	—	same role	SIGNATURE_CHANGE (9 -> 8); Provenance DROPPED silently	Formal	[EMP]
EC	EC_v7	2026-08-27T18:31	step-025d §25D.34	EC_t in Z_t = Zero(K_t, EC_t)	time-indexed	—	—	—	contract at time t	NOTATION_CHANGE	Formal	[EMP]
Gamma	Γ_v1	2026-08-27T18:31	step-025d §25D.3	Γ_G in EC_G=(R_G,Γ_G)	component	—	—	rules determining SUFFICIENCY	sufficiency rules	BIRTH	Formal	[EMP]
Gamma	Γ_v2	2026-08-27T18:33	step-025e §25E.5	Γ in EC=(R,Γ,A,V)	component	—	—	SATISFACTION RULES	satisfaction rules	RESTATEMENT of Γ_v1	Formal	[EMP]
Gamma	Γ_v3	2026-09-02T18:20	182019	Γ in ℛ_req(Q,Γ), Adequacy(R,Q,Γ)	parameter	—	—	CONTEXT	context	SEMANTIC_REINTERPRETATION — at 08-27 context is written C/Ctx, never Γ	Formal	[EMP] UNWITNESSED transition
Zero	Zero_v1	2026-08-27T18:31	step-025d §25D.6	Zero(K_t,G,EC_G) = {(r_i,Z_i)}	function -> structured set	3	K x Goal x EC	Zero vector of (requirement,status)	directed epistemic discrepancy	BIRTH	Formal	[EMP]
Zero	Zero_v2	2026-08-27T18:31	step-025d §25D.16	Zero = (Z_world, Z_knowledge, Z_governance, Z_decision)	4-tuple	4	—	—	multidimensional gap	EXTENSION	Conceptual	[EMP]
Zero	Zero_v3	2026-08-27T18:31	step-025d §25D.32	"directed epistemic discrepancy operator"; NOT a metric	ruling	—	—	—	all four metric axioms rejected	FALSIFICATION of the metric reading	Formal	[DERIVED]
Zero	Zero_v4	2026-08-27T18:31	step-025d §25D.34	Z_t = Zero(K_t, EC_t)	function	2	K_t x EC_t	structured gap set	current gap	SIGNATURE_CHANGE (Goal argument absorbed into EC)	Formal	[EMP]
Zero	Zero_v5	2026-08-28T09:41	step-025m §25M.17	"Zero is dynamic"	property	—	—	—	a satisfied requirement can become unsatisfied	EXTENSION	Formal	[EMP]
Zero	Zero_v6	2026-08-28T10:13	step-025z	Zero = insufficient epistemic basis for the next permitted action	definition	—	—	—	action-relative gap	REFINEMENT	Conceptual	[EMP]
K	K_v1	2026-08-28T10:22	step-031 L486	K_t=(E_t,A_t,M_t,C_t,F_t,V_t,R_t)	7-tuple	7	—	evidence·assertions·models·constraints·conflicts·validation·provenance	the step-031 re-founding formulation	BIRTH (post-refounding)	Formal	[EMP]
K	K_v2	2026-08-29T00:33	recovery step_155-156 L32	K_t=(𝒜_t,ℛ_t,ℰ_t,ℋ_t,𝒵_t,ℒ_t)	6-tuple	6	—	assertions·relationships·evidence·history·Zero findings·Lord candidates	quoted as 'the earlier model'	RETROSPECTIVE CITATION - not derived here	Formal	[EMP]; its own source is 'prior conversation context and uploaded/library records'
K	K_v3	2026-08-30T19:24	verification/KNOWLEDGE-STATE-CANONICAL-MODEL §1 (artifact D)	K=(𝒜,ℛ); Assertion=(id,P,e,c,t,Π)	2-tuple	2	EKP parsed: |𝒜|=37, |ℛ|=51	assertions and relations	the EXECUTED reconstruction	DEFINITION + executed removal test	Operational	[EMP]; minimality QUALIFIED as Minimality(K|T) - TYPE A ONLY (THEORY-COMPLETION-GAP-REGISTER 19:04). NECESSITY executed+SURVIVED (artifact D 19:24). SUFFICIENCY executed+CONTESTED: 2 standing refutations (FINAL-AUDIT 20:47; 05-K-ATTACK 21:13), 1 withdrawn (14-FALSIFICATION-RESULTS 21:05 -> errata 21:41). G-19
K	K_v4	2026-08-30T19:27	step_262 L9	K=(𝒜,ℛ)	2-tuple	2	—	same	IMPORTED from K_v3	RESTATEMENT - but qualification DROPPED, reported 'PROVEN'	Formal	[EMP]; EKS-46
K	K_v5	2026-08-30T21:44	step_273 L18	K=(A,R,Σ,E_L); Σ=Epistemic State, E_L=Evidence Links	4-tuple	4	—	assertions·relations·epistemic state·evidence links	attributed to 'Step 272'	EXTENSION of K_v4? UNWITNESSED - Step 272 is a MANDATE, executed as step_272a 22:42:42, 58 min AFTER being cited (G-14)	Formal	[EMP] for the form; provenance IDENTIFIED BUT WEAK (G-14) - a proposal inside a commission. Validation NONE: step_277 22:01 records K-minimality "Not yet tested / OPEN" (G-19)
Omega	Ω_v1	2026-08-24 (claimed)	step_238 L83 (claim only)	Ω	measure-theoretic space	—	—	—	"kernel era" origin claim	CLAIM ONLY - artifact not located	Conceptual	[EMP] as a claim; referent UNRESOLVED (G-21)
Omega	Ω_v2	2026-08-28T10:22	step-031 L596 (boxed)	Ω : W → O	function	1	World	Observation	the observation mechanism	BIRTH (witnessed)	Formal	[EMP]
Omega	Ω_v3	2026-08-30T10:25	step_240 L97	Ω_t as 4th arg of δ_K(K_t,o_t,ρ_t,Ω_t)	parameter	—	—	—	unstated	REUSE - signature unresolved per 241 L470	Formal	[EMP]
Omega	Ω_v4	2026-08-30T11:11	step_246 L625	Ω = {all possible knowledge states}	set	—	—	—	state space	UNRELATED_HOMONYM	Formal	[EMP]
Omega	Ω_v5	2026-08-30T18:25	step_247 L750	(Ω,ℱ,μ) with Ω=𝕂	measure space	—	—	—	measure over knowledge states	UNRELATED_HOMONYM	Formal	[EMP]
Omega	Ω_v6	2026-08-30T18:36	step_251 L306	Ω : W → O	function	1	World	Observation	observation map	RESTATEMENT of Ω_v2 (2 days later)	Formal	[EMP]
Omega	Ω_v7	2026-08-30T19:35+	step_264 L747, step_266 L1193	f:Ω→ℝ ; (Ω,ℱ,P)	generic	—	—	—	generic measurable domain	UNRELATED_HOMONYM	Formal	[EMP]
delta	δ_v1	2026-08-28T10:22	step-031 L391	δ : K × Event → K	function	2	KnowledgeState × Event	KnowledgeState	state transition	BIRTH	Formal	[EMP]
delta	δ_v2	2026-08-29T01:13	step_161 L1447	δ(E,R,Auth,C) → {ACT,REFRAIN,DEFER,ESCALATE}	function	4	evidence×rules×authority×context	disposition set	disposition function; explicitly NOT deterministic	UNRELATED_HOMONYM	Formal	[EMP]
delta	δ_v3	2026-08-30T10:25	step_240 L97	δ_K(K_t,o_t,ρ_t,Ω_t)	function	4	—	K	4-arg transition carrying Ω_t	SIGNATURE_CHANGE	Formal	[EMP]; 241 L470 "signature unresolved"
delta	δ_v4	2026-08-30T18:36	step_251 L50	δ : 𝒦 × ℰ ⇀ 𝒦	partial function	2	states × events	states	CITED TO Q15, not defined in corpus	UNWITNESSED origin	Formal	[EMP]; Q15 absent from blocks 1,2,3,5
succeq	⪰_v1	2026-08-27T18:35	step_025f §25F.14	s₁ ⪰_C s₂	context-indexed partial order	—	authority sources	—	authority precedence	BIRTH	Formal	[EMP]
succeq	⪰_v2	2026-08-28T09:23	step_025h	d₂ ⪰ d₁	order	—	decisions	—	decision ordering	DISTINCT - not merged	Formal	[EMP]
succeq	⪰_v3	2026-08-28T09:38	step_025j	A₂ ⪰ A₁	order	—	assertions	—	assertion ordering	DISTINCT - not merged	Formal	[EMP]; explains open record CR-2
Conflict	Conf_v1	2026-08-27T18:35	step_025f §25F.6	Conflict(s₁,s₂,C,t)	predicate	4	sources × context × time	Boolean	conflict over governance SOURCES	BIRTH; earliest of the family	Formal	[EMP]
Conflict	Conf_v2	2026-08-28T10:09	step_025u	Conflict = FirstClassKnowledgeState	status	—	—	—	conflict as a state not an error	REINTERPRETATION	Conceptual	[EMP]
Conflict	Conf_v3	2026-09-02	math lane	Contr(p) etc — 7 signatures per CR-1	predicate	varies	propositions	—	contradiction predicate	NOT MERGED with Conf_v1	Formal	[EMP]
Adequacy	Adq_v1	2026-08-30T21:59	step_276-final B §276.7	Definition(K) ≠ Adequacy(K, 𝒯)	relation	2	KnowledgeState × transformation family	—	sufficiency of a representation	BIRTH	Formal	[EMP]
Adequacy	Adq_v2	2026-09-02	182019	Adequacy(R,Q,Γ) ⟺ ℛ_req(Q,Γ) ⊆ Preserved(R,Γ)	relation	3	representation × question × context	—	distinction-preservation	SIGNATURE_CHANGE + first arg K→R; UNWITNESSED	Formal	[EMP]
O_core	O_v1	2026-08-30T21:59	step_276-final A §276.4	O_S ∪ O_E ∪ O_H ∪ O_G ∪ O_Q ∪ O_X	6 families, 27 ops	—	—	—	declared CLOSED	BIRTH	Formal	[EMP]; withdrawn by Doc B same file
O_core	O_v2	2026-08-30T22:01	step_277 §277.23	{Assert,Retract,Supersede,Merge,Split,LinkEvidence}	6 state primitives	—	—	—	state-transition kernel	REDUCTION	Formal	[EMP]; not carried into 272a
O_core	O_v3	2026-08-30T22:42	step_272a §272A.25	O_S ∪ O_E ∪ O_O ∪ O_H ∪ O_G	5 families, 19 ops	—	—	—	semantic operation universe	REPLACEMENT; does not cite 277	Formal	[EMP]
Minimality	Min_v1	2026-08-30T18:32	verification/KNOWLEDGE-STATE-REQUIREMENTS-AND-DERIVATION L124	MINIMALITY: PROVEN	predicate	1	K	{proven}	removal-counterexample minimality over 6 Assertion fields + R	BIRTH (executed, unqualified)	Operational	[EMP]
Minimality	Min_v2	2026-08-30T19:04	verification/THEORY-COMPLETION-GAP-REGISTER §2	type A / B / C / D	4-way classification	1	K	{A:proven, B:not proven, C:not proven, D:-}	representation-minimality vs ontological necessity vs engineering adequacy	REFINEMENT + SELF-WITHDRAWAL of Min_v1's phrasing	Operational	[EMP]; 'A is not evidence for B, C or D'
Minimality	Min_v3	2026-08-30T19:24	verification/KNOWLEDGE-STATE-CANONICAL-MODEL §3 (artifact D)	Minimality(K | 𝒯)	predicate	2	K × 𝒯	{NECESSARY, DERIVED, EXTERNAL, REDUNDANT}	per-component removal verdict relative to an enumerated 𝒯	SPECIALIZATION - indexed by 𝒯; cites step 254	Operational	[EMP]; 13-row executed table; 'Not ontological necessity'
Minimality	Min_v4	2026-08-30T20:09	step_269 L1176	representation-minimality proven	status token	1	K	{🟢}	the type-A name, with the 𝒯-index severed	TYPE_CHANGE - qualifier SUBSTITUTED not dropped (distinct from EKS-46)	Formal	[EMP]; G-19
Minimality	Min_v5	2026-08-30T21:54	step_276 L263-293	conditional minimality	predicate	2	K × 𝒪_core	{conditional}	minimality relative to the operation universe rather than 𝒯	REINTERPRETATION - index changes 𝒯 → 𝒪_core	Formal	[EMP]; qualification PRESERVED here
Minimality	Min_v6	2026-08-30T22:01	step_277 L1621	K-minimality: Not yet tested	status token	1	K	{OPEN}	—	CONTRADICTION - denies Min_v1..v5 within the same corpus, 74 min after the last executed test	Formal	[EMP]; G-19; the LATEST of the three coexisting statuses
𝒯	T_v1	2026-08-30T19:25	verification/TRANSFORMATION-CANONICAL-MODEL §2 (artifact E)	𝒯 = {assert, relate, retract, merge, noop}	finite set	5	—	operations on K	the transformation set that indexes Minimality(K|𝒯)	BIRTH (enumerated) - closed for the test, declared open in principle	Operational	[EMP]; each row has precondition/effect/authority/policy/failure/det/idem
